{"cameraMode":{"drawMode":0,"name":"Shaded","section":"Shading Mode"},"sceneLighting":false,"audioPlay":false,"sceneViewState":{"showFog":true,"showMaterialUpdate":false,"showSkybox":false,"showFlares":true,"showImageEffects":true,"showParticleSystems":true},"in2DMode":false,"pivot":{"x":12.144052505493164,"y":0.48154157400131228,"z":-3.7596828937530519},"rotation":{"x":0.03414515033364296,"y":-0.04972485825419426,"z":-0.0016533647431060672,"w":-0.9982231259346008},"size":0.5067405104637146,"orthographic":true}