{"cameraMode":{"drawMode":0,"name":"Shaded","section":"Shading Mode"},"sceneLighting":false,"audioPlay":false,"sceneViewState":{"showFog":true,"showMaterialUpdate":false,"showSkybox":false,"showFlares":true,"showImageEffects":true,"showParticleSystems":true},"in2DMode":false,"pivot":{"x":-3.1882541179656984,"y":1.6242179870605469,"z":-2.574002981185913},"rotation":{"x":0.01487354002892971,"y":-0.8533830046653748,"z":0.024318918585777284,"w":0.5205855965614319},"size":1.5777976512908936,"orthographic":false}