{"cameraMode":{"drawMode":0,"name":"Shaded","section":"Shading Mode"},"sceneLighting":true,"audioPlay":false,"sceneViewState":{"showFog":true,"showMaterialUpdate":false,"showSkybox":true,"showFlares":true,"showImageEffects":true,"showParticleSystems":true},"in2DMode":false,"pivot":{"x":-0.004264354705810547,"y":1.672182321548462,"z":0.000022172927856445313},"rotation":{"x":-0.0015157329617068172,"y":0.9972537159919739,"z":-0.07193531841039658,"w":-0.02031024359166622},"size":4.600601673126221,"orthographic":true}