{"cameraMode":{"drawMode":0,"name":"Shaded","section":"Shading Mode"},"sceneLighting":false,"audioPlay":false,"sceneViewState":{"showFog":true,"showMaterialUpdate":false,"showSkybox":false,"showFlares":true,"showImageEffects":true,"showParticleSystems":true},"in2DMode":false,"pivot":{"x":-0.11461102962493897,"y":0.7511074542999268,"z":2.1360886096954347},"rotation":{"x":0.2718105614185333,"y":-0.7027331590652466,"z":0.3389221727848053,"w":0.5634739398956299},"size":0.4012072682380676,"orthographic":true}